segmentnr	original	analyzed	folio	translated
['PA_bu-vb_sk45:0.1']	TheravÄda Vinaya	thera vÄda vinaya 	0	The Monastic Code of the Elders
['PA_bu-vb_sk45:0.2', 'PA_bu-vb_sk45:0.3', 'PA_bu-vb_sk45:0.4']	MahÄvibhaá¹…gağŸ”½Sekhiyakaá¹‡á¸ağŸ”½Kabaá¸·avagga	mahÄvibhaá¹…ga  sekhiya kaá¹‡á¸a  ka baá¸·a vagga 	0	The Great AnalysisğŸ”½The chapter on training rules for bhikkhunisğŸ”½The sub-chapter on mouthfuls
['PA_bu-vb_sk45:0.5']	45. Kabaá¸·ÄvacchedakasikkhÄpada	       	0	1. The training rule on breaking up mouthfuls
['PA_bu-vb_sk45:1.1']	Tena samayena buddho bhagavÄ sÄvatthiyaá¹ viharati jetavane anÄthapiá¹‡á¸ikassa ÄrÄme.	tena samayena buddhaá¸¥ bhagavÄ sÄvatthiyam viharati jetavane anÄthapiá¹‡á¸ikassa ÄrÄme 	1	In SÄvatthÄ«.
['PA_bu-vb_sk45:1.2']	Tena kho pana samayena chabbaggiyÄ bhikkhÅ« kabaá¸·Ävacchedakaá¹ bhuÃ±janti â€¦peâ€¦.	tena kho pana samayena chabbaggiyÄá¸¥ bhikkhÅ« kabaá¸·Ävacchedakam bhuÃ±janti pe 	1	At that time the monks from the group of six were eating by breaking up mouthfuls. â€¦
['PA_bu-vb_sk45:1.3.1']	â€œNa kabaá¸·Ävacchedakaá¹ bhuÃ±jissÄmÄ«ti sikkhÄ karaá¹‡Ä«yÄâ€ti.	na kabaá¸·a avacchedakam bhuÃ±jissÄmi iti sikkhÄ karaá¹‡Ä«yÄ ati 	1	â€œâ€˜I will not eat by breaking up mouthfuls,â€™ this is how you should train.â€
['PA_bu-vb_sk45:1.4']	Na kabaá¸·Ävacchedakaá¹ bhuÃ±jitabbaá¹.	na kabaá¸·a avacchedakam 	1	One should not eat by breaking up mouthfuls.
['PA_bu-vb_sk45:1.5']	Yo anÄdariyaá¹ paá¹­icca kabaá¸·Ävacchedakaá¹ bhuÃ±jati, Äpatti dukkaá¹­assa.	yaá¸¥ anÄdariyam paá¹­icca kabaá¸·Ävacchedakam bhuÃ±jati Äpatti dukkaá¹­assa 	1	If a monk, out of disrespect, eats by breaking up mouthfuls, he commits an offense of wrong conduct.
['PA_bu-vb_sk45:1.6.1', 'PA_bu-vb_sk45:1.7', 'PA_bu-vb_sk45:1.8']	AnÄpattiâ€”ğŸ”½asaÃ±cicca,ğŸ”½assatiyÄ,	anÄpatti  a san cit ca  assatiyÄ 	1	There is no offenseğŸ”½if it is unintentional,
['PA_bu-vb_sk45:1.9', 'PA_bu-vb_sk45:1.10']	ajÄnantassa,ğŸ”½gilÄnassa,	a jÄnantassa  gilÄnassa 	1	if he is not thinking,ğŸ”½if he does not know,ğŸ”½if he is sick,
['PA_bu-vb_sk45:1.11']	khajjake,	khajjake 	1	if it is fresh food,
['PA_bu-vb_sk45:1.12', 'PA_bu-vb_sk45:1.13', 'PA_bu-vb_sk45:1.14']	phalÄphale,ğŸ”½uttaribhaá¹…ge,ğŸ”½ÄpadÄsu,	phala aphale  uttari bhaá¹…ge  ÄpadÄsu 	1	if it is fruit,ğŸ”½if it is a special occasion,
['PA_bu-vb_sk45:1.15']	ummattakassa,	ummattakassa 	1	if he is insane,
['PA_bu-vb_sk45:1.16', 'PA_bu-vb_sk45:1.17']	ÄdikammikassÄti.ğŸ”½PaÃ±camasikkhÄpadaá¹ niá¹­á¹­hitaá¹.	Ädikammikassa ati ğŸ”½paÃ±cama sikkhÄpadam niá¹­á¹­hita 	1	if he is the first offender.ğŸ”½The fifth training rule is finished.
