segmentnr	original	analyzed	translated
['PA_snp_2.5:0.1']	Sutta NipÄta 2.5	sutta nipÄta 	The Collection of Long Sayings .
['PA_snp_2.5:0.2']	SÅ«cilomasutta	sÅ«cilomasutta 	The Hairy Needle
['PA_snp_2.5:1.1']	Evaá¹ me sutaá¹â€”	evam me suta 	Thus have I heard:
['PA_snp_2.5:1.2']	ekaá¹ samayaá¹ bhagavÄ gayÄyaá¹ viharati á¹­aá¹…kitamaÃ±ce sÅ«cilomassa yakkhassa bhavane.	ekam samayam bhagavÄ gayÄ ayam viharati á¹­aá¹…kita maÃ±ce sÅ«cilomassa yakkhassa bhavane 	At one time the Blessed One was staying at GayÄ on the Hairy Needleâ€™s peak, in the dwelling of the spirit Hairy Needle.
['PA_snp_2.5:1.3']	Tena kho pana samayena kharo ca yakkho sÅ«cilomo ca yakkho bhagavato avidÅ«re atikkamanti.	tena kho pana samayena kharaá¸¥ ca yakkhaá¸¥ sÅ«cilomaá¸¥ ca yakkhaá¸¥ bhagavataá¸¥ avidÅ«re atikkamanti 	Now on that occasion the spirits Rough and Hairy Needle were passing not far from the Blessed One.
['PA_snp_2.5:1.4']	Atha kho kharo yakkho sÅ«cilomaá¹ yakkhaá¹ etadavoca:	atha kho kharaá¸¥ yakkhaá¸¥ sÅ«cilomam yakkham etat avoca 	Then the spirit Rough said to the spirit Hairy Needle,
['PA_snp_2.5:1.5']	â€œeso samaá¹‡oâ€ti.	esaá¸¥ samaá¹‡aá¸¥ ti 	â€œThatâ€™s the contemplative.â€
['PA_snp_2.5:1.6']	â€œNeso samaá¹‡o, samaá¹‡ako eso.	na isaá¸¥ samaá¹‡aá¸¥ samaá¹‡akaá¸¥ esaá¸¥ 	â€œThatâ€™s not the contemplative. Thatâ€™s the contemplativeâ€™s apprentice.
['PA_snp_2.5:1.7']	YÄvÄhaá¹ jÄnÄmi yadi vÄ so samaá¹‡o, yadi vÄ so samaá¹‡akoâ€ti.	yÄvÄ aham jÄnÄmi yadi vÄ saá¸¥ samaá¹‡aá¸¥ yadi vÄ saá¸¥ samaá¹‡akaá¸¥ iti 	Iâ€™ll find out whether heâ€™s the contemplative or the contemplativeâ€™s apprentice.â€
['PA_snp_2.5:2.1']	Atha kho sÅ«cilomo yakkho yena bhagavÄ tenupasaá¹…kami; upasaá¹…kamitvÄ bhagavato kÄyaá¹ upanÄmesi.	atha kho sÅ«cilomaá¸¥ yakkhaá¸¥ yena bhagavÄ tena upasaá¹…kami upasaá¹…kamitvÄ bhagavataá¸¥ kÄyam upanÄmesi 	Then the spirit Hairy Needle went to the Blessed One and touched the Blessed Oneâ€™s body.
['PA_snp_2.5:2.2']	Atha kho bhagavÄ kÄyaá¹ apanÄmesi.	atha khalu bhagavÄ kÄyam apanÄmesi 	Then the Blessed One withdrew his body.
['PA_snp_2.5:2.3']	Atha kho sÅ«cilomo yakkho bhagavantaá¹ etadavoca:	atha kho sÅ«cilomaá¸¥ yakkhaá¸¥ bhagavantam etat avoca 	Then the spirit Hairy Needle said to the Blessed One,
['PA_snp_2.5:2.4']	â€œbhÄyasi maá¹, samaá¹‡Äâ€ti?	bhÄyasi ma samaá¹‡Äti 	â€œAre you afraid of me, contemplative?â€
['PA_snp_2.5:2.5']	â€œNa khvÄhaá¹ taá¹, Ävuso, bhÄyÄmi;	na khvÄ aham te Ävusaá¸¥ bhÄyÄmi 	â€œIâ€™m not afraid of you, friend.
['PA_snp_2.5:2.6']	api ca te samphasso pÄpakoâ€ti.	api ca te samphassaá¸¥ pÄpakaá¸¥ ti 	But your touch is evil.â€
['PA_snp_2.5:3.1']	â€œPaÃ±haá¹ taá¹, samaá¹‡a, pucchissÄmi.	paÃ±ham ta samaá¹‡a pucchissÄmi 	â€œIâ€™ll ask you a question, contemplative.
['PA_snp_2.5:3.2', 'PA_snp_2.5:4.1_0', 'PA_snp_2.5:4.1_1']	Sace me na byÄkarissasi, cittaá¹ vÄ te khipissÄmi, hadayaá¹ vÄ te phÄlessÄmi, pÄdesu vÄ gahetvÄ pÄragaá¹…gÄya khipissÄmÄ«â€ti.ğŸ”½â€œNa khvÄhaá¹ taá¹, Ävuso, passÄmi sadevake loke samÄrake sabrahmake sassamaá¹‡abrÄhmaá¹‡iyÄğŸ”½pajÄya sadevamanussÄya yo me cittaá¹ vÄ khipeyya hadayaá¹ vÄ phÄleyya pÄdesu vÄ gahetvÄ	sace me na byÄkarissasi cittam vÄ te khipissÄmi hadayam vÄ te phÄlessÄmi pÄdesu vÄ gahetvÄ pÄragaá¹…gÄya khipissÄmi iti  na khvÄ aham te Ävuso passÄmi sa devake loke sa mÄrake sa brahmake sa ssamaá¹‡a brÄhmaá¹‡iyÄ  pajÄya sa deva manussÄya yaá¸¥ me cittam vÄ khipeyya hadayam vÄ phÄleyya pÄdesu vÄ gahetvÄ 	If you donâ€™t answer me, Iâ€™ll either crush your heart, or pluck out your heart, or seize you by the feet and hurl you to the other side of the Ganges.â€
['PA_snp_2.5:4.1_2']	pÄragaá¹…gÄya khipeyya.	pÄragaá¹…gÄya khipeyya 	â€œI donâ€™t see anyone in the cosmos with its gods, lords of death, & Brahmas, in this generation with its contemplatives & brahmans, its royalty & common people, who could crush my heart, or pluck out my heart, or seize me by the feet and hurl me to the other side of the Ganges.
['PA_snp_2.5:4.2']	Api ca tvaá¹, Ävuso, puccha yadÄkaá¹…khasÄ«â€ti.	api ca tvai Ävuso puccha yat Äkaá¹…khasi iti 	But ask me whatever you want.â€
['PA_snp_2.5:4.3', 'PA_snp_2.5:5.1']	Atha kho sÅ«cilomo yakkho bhagavantaá¹ gÄthÄya ajjhabhÄsi:ğŸ”½â€œRÄgo ca doso ca kutonidÄnÄ,	atha kho sÅ«cilomaá¸¥ yakkhaá¸¥ bhagavantam gÄthÄya ajjhabhÄsi  rÄgaá¸¥ ca dosaá¸¥ ca kutonidÄnÄ 	Then the spirit Needle-Hair addressed the Blessed One with this verse:ğŸ”½â€œWhere do passion & aversion come from?
['PA_snp_2.5:5.2']	AratÄ« ratÄ« lomahaá¹so kutojÄ;	aratÄ« ratÄ« loma hasaá¸¥ kutojÄ 	Where do discontent, delight, & goosebumps come from?
['PA_snp_2.5:5.3']	Kuto samuá¹­á¹­hÄya manovitakkÄ,	kutas samuá¹­á¹­hÄya manaá¸¥ vitakkÄ 	Where do thoughts & ideas come from?
['PA_snp_2.5:5.4', 'PA_snp_2.5:6.1']	KumÄrakÄ dhaá¹…kamivossajantiâ€.ğŸ”½â€œRÄgo ca doso ca itonidÄnÄ,	kumÄrakÄá¸¥ dhaá¹…kam iva ussajanti  rÄgaá¸¥ ca dosaá¸¥ ca itas nidÄnÄ 	They fall on a person like a swarm of bees.â€ğŸ”½â€œPassion & aversion come from here.
['PA_snp_2.5:6.2']	AratÄ« ratÄ« lomahaá¹so itojÄ;	aratÄ« ratÄ« loma hasaá¸¥ ita ojÄ 	Discontent, delight, & goosebumps come from here.
['PA_snp_2.5:6.3']	Ito samuá¹­á¹­hÄya manovitakkÄ,	itas samuá¹­á¹­hÄya manaá¸¥ vitakkÄ 	Thoughts & ideas come from here.
['PA_snp_2.5:6.4']	KumÄrakÄ dhaá¹…kamivossajanti.	kumÄrakÄá¸¥ dhaá¹…kam iva ussajanti 	They fall on a person like a swarm of bees.
['PA_snp_2.5:7.1']	SnehajÄ attasambhÅ«tÄ,	sneha jÄ atta sambhÅ«tÄ 	Born of affection, self-produced,
['PA_snp_2.5:7.2']	Nigrodhasseva khandhajÄ;	nigrodhaá¸¥ sÄ iva khandha jÄ 	like the branches of a banyan tree.
['PA_snp_2.5:7.3']	PuthÅ« visattÄ kÄmesu,	puthÅ« visattÄ kÄmesu 	Many are the beings who are attached to sensual pleasures,
['PA_snp_2.5:7.4']	MÄluvÄva vitatÄvane.	mÄluvÄva vitata avane 	Like creepers spread in the forest.
['PA_snp_2.5:8.1']	Ye naá¹ pajÄnanti yatonidÄnaá¹,	ye nam pajÄnanti yatonidÄna 	Those who understand the source of that,
['PA_snp_2.5:8.2']	Te naá¹ vinodenti suá¹‡ohi yakkha;	te nam vinodenti suá¹‡ohi yakkha 	They remove it, listen, spirit!
['PA_snp_2.5:8.3']	Te duttaraá¹ oghamimaá¹ taranti,	te duttaram ogham imam taranti 	They cross this hard-to-cross flood,
['PA_snp_2.5:8.4']	Atiá¹‡á¹‡apubbaá¹ apunabbhavÄyÄâ€ti.	a tiá¹‡á¹‡a pubbam apunabbhavÄya ati 	Not crossed before, for the non-arising of renewed existence.â€
['PA_snp_2.5:8.5']	SÅ«cilomasuttaá¹ paÃ±camaá¹.	sÅ«cilomasuttam paÃ±cama 	The Thread on the Needle-Hairs is the fifth.
